<?xml version="1.0" encoding="UTF-8"?>
<root>
  <item name="org.alex.dialog.base.BaseDialog D setAnimType(int) 0">
    <annotation name="android.support.annotation.IntDef">
      <val name="value" val="{org.alex.dialog.annotation.AnimType.CENTER_NORMAL, org.alex.dialog.annotation.AnimType.CENTER_SCALE, org.alex.dialog.annotation.AnimType.BOTTOM_2_TOP, org.alex.dialog.annotation.AnimType.TOP_2_BOTTOM}" />
    </annotation>
  </item>
  <item name="org.alex.dialog.base.BaseDialog void onDialogClickListener(java.lang.String) 0">
    <annotation name="android.support.annotation.StringDef">
      <val name="value" val="{org.alex.dialog.annotation.ClickPosition.LEFT, org.alex.dialog.annotation.ClickPosition.TOP, org.alex.dialog.annotation.ClickPosition.RIGHT, org.alex.dialog.annotation.ClickPosition.BOTTOM, org.alex.dialog.annotation.ClickPosition.CENTER, org.alex.dialog.annotation.ClickPosition.SUBMIT, org.alex.dialog.annotation.ClickPosition.CANCEL, org.alex.dialog.annotation.ClickPosition.OPEN, org.alex.dialog.annotation.ClickPosition.CLOSE, org.alex.dialog.annotation.ClickPosition.AGREE, org.alex.dialog.annotation.ClickPosition.REFUSE, org.alex.dialog.annotation.ClickPosition.ACCEPT, org.alex.dialog.annotation.ClickPosition.UPDATE, org.alex.dialog.annotation.ClickPosition.DELETE, org.alex.dialog.annotation.ClickPosition.ALTER, org.alex.dialog.annotation.ClickPosition.FORGET, org.alex.dialog.annotation.ClickPosition.IGNORE, org.alex.dialog.annotation.ClickPosition.STOP, org.alex.dialog.annotation.ClickPosition.SEND}" />
    </annotation>
  </item>
</root>

